-- MySQL dump 10.13  Distrib 8.0.38, for Win64 (x86_64)
--
-- Host: 127.0.0.1    Database: db_cotizador
-- ------------------------------------------------------
-- Server version	8.3.0

/*!40101 SET @OLD_CHARACTER_SET_CLIENT=@@CHARACTER_SET_CLIENT */;
/*!40101 SET @OLD_CHARACTER_SET_RESULTS=@@CHARACTER_SET_RESULTS */;
/*!40101 SET @OLD_COLLATION_CONNECTION=@@COLLATION_CONNECTION */;
/*!50503 SET NAMES utf8 */;
/*!40103 SET @OLD_TIME_ZONE=@@TIME_ZONE */;
/*!40103 SET TIME_ZONE='+00:00' */;
/*!40014 SET @OLD_UNIQUE_CHECKS=@@UNIQUE_CHECKS, UNIQUE_CHECKS=0 */;
/*!40014 SET @OLD_FOREIGN_KEY_CHECKS=@@FOREIGN_KEY_CHECKS, FOREIGN_KEY_CHECKS=0 */;
/*!40101 SET @OLD_SQL_MODE=@@SQL_MODE, SQL_MODE='NO_AUTO_VALUE_ON_ZERO' */;
/*!40111 SET @OLD_SQL_NOTES=@@SQL_NOTES, SQL_NOTES=0 */;

--
-- Table structure for table `tbl_adjunto`
--

DROP TABLE IF EXISTS `tbl_adjunto`;
/*!40101 SET @saved_cs_client     = @@character_set_client */;
/*!50503 SET character_set_client = utf8mb4 */;
CREATE TABLE `tbl_adjunto` (
  `iIdAdjunto` int NOT NULL AUTO_INCREMENT,
  `sPath` varchar(300) DEFAULT NULL,
  `dtMod` date DEFAULT NULL,
  `dtCreacion` date DEFAULT NULL,
  `bActivo` int DEFAULT NULL,
  PRIMARY KEY (`iIdAdjunto`)
) ENGINE=InnoDB AUTO_INCREMENT=2 DEFAULT CHARSET=utf8mb3;
/*!40101 SET character_set_client = @saved_cs_client */;

--
-- Dumping data for table `tbl_adjunto`
--

LOCK TABLES `tbl_adjunto` WRITE;
/*!40000 ALTER TABLE `tbl_adjunto` DISABLE KEYS */;
INSERT INTO `tbl_adjunto` VALUES (1,'/Ziba/svgs/Nivel1.svg',NULL,'2024-11-01',1);
/*!40000 ALTER TABLE `tbl_adjunto` ENABLE KEYS */;
UNLOCK TABLES;

--
-- Table structure for table `tbl_configuracion`
--

DROP TABLE IF EXISTS `tbl_configuracion`;
/*!40101 SET @saved_cs_client     = @@character_set_client */;
/*!50503 SET character_set_client = utf8mb4 */;
CREATE TABLE `tbl_configuracion` (
  `iIdConfiguracion` int NOT NULL AUTO_INCREMENT,
  `iIdProyecto` int NOT NULL,
  `sClave` varchar(150) DEFAULT NULL,
  `sValor` varchar(350) DEFAULT NULL,
  `iUsuario` int DEFAULT NULL,
  `dtCreacion` datetime DEFAULT NULL,
  `dtMod` datetime DEFAULT NULL,
  `bActivo` int DEFAULT NULL,
  PRIMARY KEY (`iIdConfiguracion`)
) ENGINE=InnoDB DEFAULT CHARSET=utf8mb3;
/*!40101 SET character_set_client = @saved_cs_client */;

--
-- Dumping data for table `tbl_configuracion`
--

LOCK TABLES `tbl_configuracion` WRITE;
/*!40000 ALTER TABLE `tbl_configuracion` DISABLE KEYS */;
/*!40000 ALTER TABLE `tbl_configuracion` ENABLE KEYS */;
UNLOCK TABLES;

--
-- Table structure for table `tbl_cotizaciones`
--

DROP TABLE IF EXISTS `tbl_cotizaciones`;
/*!40101 SET @saved_cs_client     = @@character_set_client */;
/*!50503 SET character_set_client = utf8mb4 */;
CREATE TABLE `tbl_cotizaciones` (
  `iIdCotizacion` int NOT NULL AUTO_INCREMENT,
  `iIdLote` int DEFAULT NULL,
  `iIdPlazo` int DEFAULT NULL,
  `sNombre` varchar(350) DEFAULT NULL,
  `sApellidos` varchar(350) DEFAULT NULL,
  `sCorreo` varchar(350) DEFAULT NULL,
  `sTelefono` varchar(10) DEFAULT NULL,
  `sCiudad` varchar(350) DEFAULT NULL,
  `iEnganche` int DEFAULT NULL,
  `dtCreacion` datetime DEFAULT NULL,
  PRIMARY KEY (`iIdCotizacion`)
) ENGINE=InnoDB AUTO_INCREMENT=34 DEFAULT CHARSET=utf8mb3;
/*!40101 SET character_set_client = @saved_cs_client */;

--
-- Dumping data for table `tbl_cotizaciones`
--

LOCK TABLES `tbl_cotizaciones` WRITE;
/*!40000 ALTER TABLE `tbl_cotizaciones` DISABLE KEYS */;
INSERT INTO `tbl_cotizaciones` VALUES (1,2,0,'Jaded Enrique Ruiz Pech',NULL,'jadedruiz19995@gmail.com','992726485','Yucatán',20,'2024-09-04 00:00:00'),(2,2,0,'Jaded Enrique Ruiz Pech',NULL,'jadedruiz19995@gmail.com','9992726485','Yucatán',20,'2024-09-04 00:00:00'),(3,2,0,'Jaded Enrique Ruiz Pech',NULL,'jadedruiz19995@gmail.com','9992726485','Yucatán',50,'2024-09-01 00:00:00'),(4,2,2,'Jaded Enrique Ruiz Pech',NULL,'jadedruiz19995@gmail.com','9992726485','Yucatan',40,'2024-09-05 00:00:00'),(26,1,2,'Jaded Enrique','Ruiz Pech','razonable3500@gmail.com',NULL,'Yucatán',50,'2024-10-18 00:00:00'),(27,3,2,'Jaded Enrique','Ruiz Pech','razonable3500@gmail.com',NULL,'Yucatán',50,'2024-10-18 00:00:00'),(28,26,2,'Jaded Enrique','Ruiz Pech','razonable3500@gmail.com',NULL,'Yucatán',50,'2024-10-18 00:00:00'),(29,27,2,'Jaded Enrique','Ruiz Pech','razonable3500@gmail.com',NULL,'Yucatán',50,'2024-10-18 00:00:00'),(30,28,2,'Jaded Enrique','Ruiz Pech','razonable3500@gmail.com',NULL,'Yucatán',50,'2024-10-18 00:00:00'),(31,30,2,'Jaded Enrique','Ruiz Pech','razonable3500@gmail.com',NULL,'Yucatán',50,'2024-10-18 00:00:00'),(32,31,2,'Jaded Enrique','Ruiz Pech','razonable3500@gmail.com',NULL,'Yucatán',50,'2024-10-18 02:36:00'),(33,32,2,'Jaded Enrique','Ruiz Pech','razonable3500@gmail.com',NULL,'Yucatán',50,'2024-10-18 02:39:04');
/*!40000 ALTER TABLE `tbl_cotizaciones` ENABLE KEYS */;
UNLOCK TABLES;

--
-- Table structure for table `tbl_empresa`
--

DROP TABLE IF EXISTS `tbl_empresa`;
/*!40101 SET @saved_cs_client     = @@character_set_client */;
/*!50503 SET character_set_client = utf8mb4 */;
CREATE TABLE `tbl_empresa` (
  `iIdEmpresa` int NOT NULL AUTO_INCREMENT,
  `iIdPlan` int DEFAULT NULL,
  `sEmpresa` varchar(500) DEFAULT NULL,
  `sTelefono` varchar(10) DEFAULT NULL,
  `sCorreo` varchar(320) DEFAULT NULL,
  `iIdDireccion` int DEFAULT NULL,
  `dtCreacion` datetime DEFAULT NULL,
  `dtMod` datetime DEFAULT NULL,
  `bActivo` int DEFAULT NULL,
  PRIMARY KEY (`iIdEmpresa`)
) ENGINE=InnoDB AUTO_INCREMENT=3 DEFAULT CHARSET=utf8mb3;
/*!40101 SET character_set_client = @saved_cs_client */;

--
-- Dumping data for table `tbl_empresa`
--

LOCK TABLES `tbl_empresa` WRITE;
/*!40000 ALTER TABLE `tbl_empresa` DISABLE KEYS */;
INSERT INTO `tbl_empresa` VALUES (1,2,'San Jeronimo',NULL,NULL,NULL,'2024-09-03 00:00:00',NULL,1),(2,2,'Ziba',NULL,NULL,0,'2024-10-30 00:00:00',NULL,1);
/*!40000 ALTER TABLE `tbl_empresa` ENABLE KEYS */;
UNLOCK TABLES;

--
-- Table structure for table `tbl_etapa`
--

DROP TABLE IF EXISTS `tbl_etapa`;
/*!40101 SET @saved_cs_client     = @@character_set_client */;
/*!50503 SET character_set_client = utf8mb4 */;
CREATE TABLE `tbl_etapa` (
  `iIdEtapa` int NOT NULL AUTO_INCREMENT,
  `iIdProyecto` int DEFAULT NULL,
  `iIdAdjunto` int DEFAULT NULL,
  `sEtapa` varchar(500) DEFAULT NULL,
  `iEtapa` int DEFAULT NULL,
  `iMinEnganche` int DEFAULT NULL,
  `iOrden` int DEFAULT NULL,
  `iIdUsuario` int DEFAULT NULL,
  `dtCreacion` datetime DEFAULT NULL,
  `dtMod` datetime DEFAULT NULL,
  `bActivo` int DEFAULT NULL,
  PRIMARY KEY (`iIdEtapa`)
) ENGINE=InnoDB AUTO_INCREMENT=3 DEFAULT CHARSET=utf8mb3;
/*!40101 SET character_set_client = @saved_cs_client */;

--
-- Dumping data for table `tbl_etapa`
--

LOCK TABLES `tbl_etapa` WRITE;
/*!40000 ALTER TABLE `tbl_etapa` DISABLE KEYS */;
INSERT INTO `tbl_etapa` VALUES (1,1,0,'ETAPA #6',6,20,1,0,'2024-08-31 00:00:00',NULL,1),(2,2,1,'NIVEL 1',1,20,1,1,'2024-10-30 00:00:00',NULL,1);
/*!40000 ALTER TABLE `tbl_etapa` ENABLE KEYS */;
UNLOCK TABLES;

--
-- Table structure for table `tbl_lote`
--

DROP TABLE IF EXISTS `tbl_lote`;
/*!40101 SET @saved_cs_client     = @@character_set_client */;
/*!50503 SET character_set_client = utf8mb4 */;
CREATE TABLE `tbl_lote` (
  `iIdLote` int NOT NULL AUTO_INCREMENT,
  `iIdEtapa` int DEFAULT NULL,
  `iIdFoto` int DEFAULT '0',
  `iLote` int DEFAULT NULL,
  `sTipoLote` varchar(300) DEFAULT NULL,
  `iSuperficie` float DEFAULT NULL,
  `bIrregular` int DEFAULT '0',
  `iAncho` float DEFAULT NULL,
  `iLargo` float DEFAULT NULL,
  `iPrecioM2Contado` float DEFAULT NULL,
  `iStatus` int DEFAULT NULL,
  `iUsuario` int DEFAULT NULL,
  `dtCreacion` datetime DEFAULT NULL,
  `dtMod` datetime DEFAULT NULL,
  `bActivo` int DEFAULT NULL,
  PRIMARY KEY (`iIdLote`)
) ENGINE=InnoDB AUTO_INCREMENT=189 DEFAULT CHARSET=utf8mb3;
/*!40101 SET character_set_client = @saved_cs_client */;

--
-- Dumping data for table `tbl_lote`
--

LOCK TABLES `tbl_lote` WRITE;
/*!40000 ALTER TABLE `tbl_lote` DISABLE KEYS */;
INSERT INTO `tbl_lote` VALUES (1,1,0,1,'AVENIDA',1564.96,1,NULL,NULL,1000,2,1,'2024-08-31 00:00:00',NULL,1),(2,1,0,2,'INTERIOR',573.33,1,NULL,NULL,1000,1,1,'2024-08-31 00:00:00',NULL,1),(3,1,0,3,'INTERIOR',567.36,1,NULL,NULL,1000,1,1,'2024-08-31 00:00:00',NULL,1),(4,1,0,4,'INTERIOR',561.38,1,NULL,NULL,1000,1,1,'2024-08-31 00:00:00',NULL,1),(5,1,0,5,'INTERIOR',555.41,1,NULL,NULL,1000,1,1,'2024-08-31 00:00:00',NULL,1),(6,1,0,6,'INTERIOR',549.44,1,NULL,NULL,1000,1,1,'2024-08-31 00:00:00',NULL,1),(7,1,0,7,'INTERIOR',543.46,1,NULL,NULL,1000,1,1,'2024-08-31 00:00:00',NULL,1),(8,1,0,8,'INTERIOR',590.91,1,NULL,NULL,1000,1,1,'2024-08-31 00:00:00',NULL,1),(9,1,0,9,'INTERIOR',530.92,1,NULL,NULL,1000,1,1,'2024-08-31 00:00:00',NULL,1),(10,1,0,10,'INTERIOR',524.95,1,NULL,NULL,1000,1,1,'2024-08-31 00:00:00',NULL,1),(11,1,0,11,'INTERIOR',518.97,1,NULL,NULL,1000,1,1,'2024-08-31 00:00:00',NULL,1),(12,1,0,12,'INTERIOR',513,1,NULL,NULL,1000,1,1,'2024-08-31 00:00:00',NULL,1),(13,1,0,13,'INTERIOR',507.03,1,NULL,NULL,1000,1,1,'2024-08-31 00:00:00',NULL,1),(14,1,0,14,'INTERIOR',501.05,1,NULL,NULL,1000,1,1,'2024-08-31 00:00:00',NULL,1),(15,1,0,15,'INTERIOR',495.08,1,NULL,NULL,1000,1,1,'2024-08-31 00:00:00',NULL,1),(16,1,0,16,'INTERIOR',489.11,1,NULL,NULL,1000,1,1,'2024-08-31 00:00:00',NULL,1),(17,1,0,17,'INTERIOR',483.13,1,NULL,NULL,1000,1,1,'2024-08-31 00:00:00',NULL,1),(18,1,0,18,'INTERIOR',477.16,1,NULL,NULL,1000,1,1,'2024-08-31 00:00:00',NULL,1),(19,1,0,19,'INTERIOR',517.98,1,NULL,NULL,1000,1,1,'2024-08-31 00:00:00',NULL,1),(20,1,0,20,'INTERIOR',464.62,1,NULL,NULL,1000,1,1,'2024-08-31 00:00:00',NULL,1),(21,1,0,21,'INTERIOR',458.64,1,NULL,NULL,1000,1,1,'2024-08-31 00:00:00',NULL,1),(22,1,0,22,'INTERIOR',452.67,1,NULL,NULL,1000,1,1,'2024-08-31 00:00:00',NULL,1),(23,1,0,23,'INTERIOR',NULL,1,NULL,NULL,1000,1,1,'2024-08-31 00:00:00',NULL,1),(24,1,0,40,'ESQUINA',300,0,10,30,1000,1,1,'2024-09-02 10:11:49',NULL,1),(25,1,0,24,'INTERIOR',440.72,1,0,0,1000,1,1,'2024-09-02 00:00:00',NULL,1),(26,1,0,25,'INTERIOR',434.75,1,0,0,1000,1,1,'2024-09-02 00:00:00',NULL,1),(27,1,0,26,'INTERIOR',428.77,1,0,0,1000,1,1,'2024-09-02 00:00:00',NULL,1),(28,1,0,27,'INTERIOR',422.8,1,0,0,1000,1,1,'2024-09-02 00:00:00',NULL,1),(29,1,0,28,'INTERIOR',467.23,1,0,0,1000,1,1,'2024-09-02 00:00:00',NULL,1),(30,1,0,29,'INTERIOR',450.69,1,0,0,1000,1,1,'2024-09-02 00:00:00',NULL,1),(31,1,0,30,'INTERIOR',313.7,1,0,0,1000,3,1,'2024-09-02 00:00:00',NULL,1),(32,1,0,31,'INTERIOR',308.74,1,0,0,1000,1,1,'2024-09-02 00:00:00',NULL,1),(33,1,0,32,'INTERIOR',298.15,1,0,0,1000,1,1,'2024-09-02 00:00:00',NULL,1),(34,1,0,33,'INTERIOR',287.57,1,0,0,1000,1,1,'2024-09-02 00:00:00',NULL,1),(35,1,0,34,'INTERIOR',276.98,1,0,0,1000,1,1,'2024-09-02 00:00:00',NULL,1),(36,1,0,35,'INTERIOR',318.4,1,0,0,1000,3,1,'2024-09-02 00:00:00',NULL,1),(37,1,0,36,'INTERIOR',303.15,1,0,0,1000,1,1,'2024-09-02 00:00:00',NULL,1),(38,1,0,37,'INTERIOR',287.91,1,0,0,1000,1,1,'2024-09-02 00:00:00',NULL,1),(39,1,0,38,'INTERIOR',403.27,1,0,0,1000,1,1,'2024-09-02 00:00:00',NULL,1),(40,1,0,39,'ESQUINA',375.54,1,0,0,1000,1,1,'2024-09-02 00:00:00',NULL,1),(41,1,0,41,'INTERIOR',300,0,10,30,1000,1,1,'2024-09-02 00:00:00',NULL,1),(42,1,0,42,'INTERIOR',300,0,10,30,1000,1,1,'2024-09-02 00:00:00',NULL,1),(43,1,0,43,'INTERIOR',300,0,10,30,1000,1,1,'2024-09-02 00:00:00',NULL,1),(44,1,0,44,'INTERIOR',300,0,10,30,1000,1,1,'2024-09-02 00:00:00',NULL,1),(45,1,0,45,'INTERIOR',300,0,10,30,1000,1,1,'2024-09-02 00:00:00',NULL,1),(46,1,0,46,'INTERIOR',300,0,10,30,1000,3,1,'2024-09-02 00:00:00',NULL,1),(47,1,0,47,'ESQUINA',300,0,10,30,1000,3,1,'2024-09-02 00:00:00',NULL,1),(48,1,0,48,'INTERIOR',300,0,10,30,1000,1,1,'2024-09-02 00:00:00',NULL,1),(49,1,0,49,'INTERIOR',300,0,10,30,1000,1,1,'2024-09-02 00:00:00',NULL,1),(50,1,0,50,'INTERIOR',300,0,10,30,1000,1,1,'2024-09-02 00:00:00',NULL,1),(51,1,0,51,'INTERIOR',300,0,10,30,1000,3,1,'2024-09-02 00:00:00',NULL,1),(52,1,0,52,'INTERIOR',300,0,10,30,1000,1,1,'2024-09-02 00:00:00',NULL,1),(53,1,0,53,'INTERIOR',300,0,10,30,1000,1,1,'2024-09-02 00:00:00',NULL,1),(54,1,0,54,'ESQUINA',300,0,10,30,1000,1,1,'2024-09-02 00:00:00',NULL,1),(55,1,0,55,'ESQUINA',415.53,1,0,0,1000,1,1,'2024-09-02 00:00:00',NULL,1),(56,1,0,56,'INTERIOR',390,0,10,39,1000,1,1,'2024-09-02 00:00:00',NULL,1),(57,1,0,57,'INTERIOR',390,0,10,39,1000,1,1,'2024-09-02 00:00:00',NULL,1),(58,1,0,58,'INTERIOR',390,0,10,39,1000,1,1,'2024-09-02 00:00:00',NULL,1),(59,1,0,59,'INTERIOR',390,0,10,39,1000,1,1,'2024-09-02 00:00:00',NULL,1),(60,1,0,60,'INTERIOR',390,0,10,39,1000,1,1,'2024-09-02 00:00:00',NULL,1),(61,1,0,61,'INTERIOR',390,0,10,39,1000,3,1,'2024-09-02 00:00:00',NULL,1),(62,1,0,62,'INTERIOR',390,0,10,39,1000,3,1,'2024-09-02 00:00:00',NULL,1),(63,1,0,63,'ESQUINA',390,0,10,39,1000,1,1,'2024-09-02 00:00:00',NULL,1),(64,1,0,64,'ESQUINA',390,0,10,39,1000,1,1,'2024-09-02 00:00:00',NULL,1),(65,1,0,65,'INTERIOR',390,0,10,39,1000,3,1,'2024-09-02 00:00:00',NULL,1),(66,1,0,66,'INTERIOR',390,0,10,39,1000,3,1,'2024-09-02 00:00:00',NULL,1),(67,1,0,67,'INTERIOR',390,0,10,39,1000,1,1,'2024-09-02 00:00:00',NULL,1),(68,1,0,68,'INTERIOR',390,0,10,39,1000,1,1,'2024-09-02 00:00:00',NULL,1),(69,1,0,69,'AVENIDA',390,0,10,39,1000,1,1,'2024-09-02 00:00:00',NULL,1),(70,1,0,70,'AVENIDA',673.47,1,0,0,1000,1,1,'2024-09-02 00:00:00',NULL,1),(71,1,0,71,'INTERIOR',390,0,10,39,1000,1,1,'2024-09-02 00:00:00',NULL,1),(72,1,0,72,'INTERIOR',390,0,10,39,1000,1,1,'2024-09-02 00:00:00',NULL,1),(73,1,0,73,'INTERIOR',390,0,10,39,1000,1,1,'2024-09-02 00:00:00',NULL,1),(74,1,0,74,'INTERIOR',390,0,10,39,1000,1,1,'2024-09-02 00:00:00',NULL,1),(75,1,0,75,'ESQUINA',390,0,10,39,1000,3,1,'2024-09-02 00:00:00',NULL,1),(76,1,0,76,'ESQUINA',390,0,10,39,1000,1,1,'2024-09-02 00:00:00',NULL,1),(77,1,0,77,'INTERIOR',390,0,10,39,1000,1,1,'2024-09-02 00:00:00',NULL,1),(78,1,0,78,'INTERIOR',390,0,10,39,1000,1,1,'2024-09-02 00:00:00',NULL,1),(79,1,0,79,'INTERIOR',390,0,10,39,1000,1,1,'2024-09-02 00:00:00',NULL,1),(80,1,0,80,'INTERIOR',390,0,10,39,1000,1,1,'2024-09-02 00:00:00',NULL,1),(81,1,0,81,'INTERIOR',390,0,10,39,1000,1,1,'2024-09-02 00:00:00',NULL,1),(82,1,0,82,'INTERIOR',390,0,10,39,1000,1,1,'2024-09-02 00:00:00',NULL,1),(83,1,0,83,'INTERIOR',390,0,10,39,1000,1,1,'2024-09-02 00:00:00',NULL,1),(84,1,0,84,'ESQUINA',398.76,1,0,0,1000,3,1,'2024-09-02 00:00:00',NULL,1),(85,1,0,85,'ESQUINA',300,0,10,30,1000,3,1,'2024-09-02 00:00:00',NULL,1),(86,1,0,86,'INTERIOR',300,0,10,30,1000,1,1,'2024-09-02 00:00:00',NULL,1),(87,1,0,87,'INTERIOR',300,0,10,30,1000,3,1,'2024-09-02 00:00:00',NULL,1),(88,1,0,88,'INTERIOR',300,0,10,30,1000,1,1,'2024-09-02 00:00:00',NULL,1),(89,1,0,89,'INTERIOR',300,0,10,30,1000,1,1,'2024-09-02 00:00:00',NULL,1),(90,1,0,90,'INTERIOR',300,0,10,30,1000,1,1,'2024-09-02 00:00:00',NULL,1),(91,1,0,91,'INTERIOR',300,0,10,30,1000,1,1,'2024-09-02 00:00:00',NULL,1),(92,1,0,92,'ESQUINA',306.95,1,0,0,1000,1,1,'2024-09-02 00:00:00',NULL,1),(93,1,0,93,'INTERIOR',300,0,10,30,1000,1,1,'2024-09-02 00:00:00',NULL,1),(94,1,0,94,'INTERIOR',300,0,10,30,1000,1,1,'2024-09-02 00:00:00',NULL,1),(95,1,0,95,'INTERIOR',300,0,10,30,1000,1,1,'2024-09-02 00:00:00',NULL,1),(96,1,0,96,'INTERIOR',300,0,10,30,1000,1,1,'2024-09-02 00:00:00',NULL,1),(97,1,0,97,'INTERIOR',300,0,10,30,1000,3,1,'2024-09-02 00:00:00',NULL,1),(98,1,0,98,'INTERIOR',300,0,10,30,1000,3,1,'2024-09-02 00:00:00',NULL,1),(99,1,0,99,'INTERIOR',300,0,10,30,1000,1,1,'2024-09-02 00:00:00',NULL,1),(100,1,0,100,'INTERIOR',300,0,10,30,1000,1,1,'2024-09-02 00:00:00',NULL,1),(101,1,0,101,'INTERIOR',300,0,10,30,1000,1,1,'2024-09-02 00:00:00',NULL,1),(102,1,0,102,'INTERIOR',300,0,10,30,1000,1,1,'2024-09-02 00:00:00',NULL,1),(103,1,0,103,'INTERIOR',300,0,10,30,1000,1,1,'2024-09-02 00:00:00',NULL,1),(104,1,0,104,'ESQUINA',255.81,1,0,0,1000,1,1,'2024-09-02 00:00:00',NULL,1),(105,1,0,105,'INTERIOR',250,0,10,25,1000,1,1,'2024-09-02 00:00:00',NULL,1),(106,1,0,106,'INTERIOR',250,0,10,25,1000,1,1,'2024-09-02 00:00:00',NULL,1),(107,1,0,107,'INTERIOR',250,0,10,25,1000,1,1,'2024-09-02 00:00:00',NULL,1),(108,1,0,108,'INTERIOR',250,0,10,25,1000,1,1,'2024-09-02 00:00:00',NULL,1),(109,1,0,109,'INTERIOR',250,0,10,25,1000,1,1,'2024-09-02 00:00:00',NULL,1),(110,1,0,110,'INTERIOR',250,0,10,25,1000,1,1,'2024-09-02 00:00:00',NULL,1),(111,1,0,111,'ESQUINA',250,0,10,25,1000,1,1,'2024-09-02 00:00:00',NULL,1),(112,1,0,112,'INTERIOR',342.65,1,0,0,1000,1,1,'2024-09-02 00:00:00',NULL,1),(113,1,0,113,'INTERIOR',330.06,1,0,0,1000,1,1,'2024-09-02 00:00:00',NULL,1),(114,1,0,114,'INTERIOR',330.02,1,0,0,1000,1,1,'2024-09-02 00:00:00',NULL,1),(115,1,0,115,'INTERIOR',329.98,1,0,0,1000,1,1,'2024-09-02 00:00:00',NULL,1),(116,1,0,116,'INTERIOR',329.94,1,0,0,1000,1,1,'2024-09-02 00:00:00',NULL,1),(117,1,0,117,'ESQUINA',250,0,10,25,1000,1,1,'2024-09-02 00:00:00',NULL,1),(118,1,0,118,'INTERIOR',250,0,10,25,1000,1,1,'2024-09-02 00:00:00',NULL,1),(119,1,0,119,'INTERIOR',250,0,10,25,1000,1,1,'2024-09-02 00:00:00',NULL,1),(120,1,0,120,'INTERIOR',250,0,10,25,1000,1,1,'2024-09-02 00:00:00',NULL,1),(121,1,0,121,'INTERIOR',250,0,10,25,1000,1,1,'2024-09-02 00:00:00',NULL,1),(122,1,0,122,'INTERIOR',250,0,10,25,1000,1,1,'2024-09-02 00:00:00',NULL,1),(123,1,0,123,'INTERIOR',250,0,10,25,1000,1,1,'2024-09-02 00:00:00',NULL,1),(124,1,0,124,'ESQUINA',255.81,1,0,0,1000,1,1,'2024-09-02 00:00:00',NULL,1),(125,1,0,125,'ESQUINA',235.28,1,0,0,1000,1,1,'2024-09-02 00:00:00',NULL,1),(126,1,0,126,'INTERIOR',233.72,1,0,0,1000,1,1,'2024-09-02 00:00:00',NULL,1),(127,1,0,127,'INTERIOR',233.72,1,0,0,1000,1,1,'2024-09-02 00:00:00',NULL,1),(128,1,0,128,'ESQUINA',237.24,1,0,0,1000,1,1,'2024-09-02 00:00:00',NULL,1),(129,1,0,129,'ESQUINA',767.24,1,0,0,1000,1,1,'2024-09-02 00:00:00',NULL,1),(130,1,0,130,'INTERIOR',390,0,10,39,1000,1,1,'2024-09-02 00:00:00',NULL,1),(131,1,0,131,'INTERIOR',390,0,10,39,1000,1,1,'2024-09-02 00:00:00',NULL,1),(132,1,0,132,'INTERIOR',390,0,10,39,1000,1,1,'2024-09-02 00:00:00',NULL,1),(133,1,0,133,'INTERIOR',390,0,10,39,1000,1,1,'2024-09-02 00:00:00',NULL,1),(134,1,0,134,'INTERIOR',390,0,10,39,1000,1,1,'2024-09-02 00:00:00',NULL,1),(135,1,0,135,'INTERIOR',390,0,10,39,1000,1,1,'2024-09-02 00:00:00',NULL,1),(136,1,0,136,'ESQUINA',390,0,10,39,1000,1,1,'2024-09-02 00:00:00',NULL,1),(137,1,0,137,'ESQUINA',390,0,10,39,1000,1,1,'2024-09-02 00:00:00',NULL,1),(138,1,0,138,'INTERIOR',390,0,10,39,1000,1,1,'2024-09-02 00:00:00',NULL,1),(139,1,0,139,'INTERIOR',390,0,10,39,1000,1,1,'2024-09-02 00:00:00',NULL,1),(140,1,0,140,'INTERIOR',390,0,10,39,1000,1,1,'2024-09-02 00:00:00',NULL,1),(141,1,0,141,'INTERIOR',390,0,10,39,1000,1,1,'2024-09-02 00:00:00',NULL,1),(142,1,0,142,'INTERIOR',390,0,10,39,1000,1,1,'2024-09-02 00:00:00',NULL,1),(143,1,0,143,'INTERIOR',390,0,10,39,1000,1,1,'2024-09-02 00:00:00',NULL,1),(144,1,0,144,'INTERIOR',390,0,10,39,1000,1,1,'2024-09-02 00:00:00',NULL,1),(145,1,0,145,'INTERIOR',390,0,10,39,1000,1,1,'2024-09-02 00:00:00',NULL,1),(146,1,0,146,'ESQUINA',390,0,10,39,1000,1,1,'2024-09-02 00:00:00',NULL,1),(147,1,0,147,'ESQUINA',390,0,10,39,1000,1,1,'2024-09-02 00:00:00',NULL,1),(148,1,0,148,'INTERIOR',390,0,10,39,1000,1,1,'2024-09-02 00:00:00',NULL,1),(149,1,0,149,'INTERIOR',390,0,10,39,1000,1,1,'2024-09-02 00:00:00',NULL,1),(150,1,0,150,'INTERIOR',390,0,10,39,1000,1,1,'2024-09-02 00:00:00',NULL,1),(151,1,0,151,'AVENIDA',767.24,1,0,0,1000,1,1,'2024-09-02 00:00:00',NULL,1),(152,1,0,152,'AVENIDA',779.65,1,0,0,1000,1,1,'2024-09-02 00:00:00',NULL,1),(153,1,0,153,'INTERIOR',390,0,10,39,1000,1,1,'2024-09-02 00:00:00',NULL,1),(154,1,0,154,'INTERIOR',390,0,10,39,1000,1,1,'2024-09-02 00:00:00',NULL,1),(155,1,0,155,'ESQUINA',390,0,10,39,1000,1,1,'2024-09-02 00:00:00',NULL,1),(156,1,0,156,'ESQUINA',390,0,10,39,1000,1,1,'2024-09-02 00:00:00',NULL,1),(157,1,0,157,'INTERIOR',390,0,10,39,1000,1,1,'2024-09-02 00:00:00',NULL,1),(158,1,0,158,'INTERIOR',390,0,10,39,1000,1,1,'2024-09-02 00:00:00',NULL,1),(159,1,0,159,'INTERIOR',390,0,10,39,1000,1,1,'2024-09-02 00:00:00',NULL,1),(160,1,0,160,'INTERIOR',390,0,10,39,1000,1,1,'2024-09-02 00:00:00',NULL,1),(161,1,0,161,'INTERIOR',390,0,10,39,1000,1,1,'2024-09-02 00:00:00',NULL,1),(162,1,0,162,'INTERIOR',390,0,10,39,1000,1,1,'2024-09-02 00:00:00',NULL,1),(163,1,0,163,'INTERIOR',390,0,10,39,1000,1,1,'2024-09-02 00:00:00',NULL,1),(164,1,0,164,'INTERIOR',390,0,10,39,1000,1,1,'2024-09-02 00:00:00',NULL,1),(165,1,0,165,'ESQUINA',390,0,10,39,1000,1,1,'2024-09-02 00:00:00',NULL,1),(166,1,0,166,'ESQUINA',390,0,10,39,1000,1,1,'2024-09-02 00:00:00',NULL,1),(167,1,0,167,'INTERIOR',390,0,10,39,1000,1,1,'2024-09-02 00:00:00',NULL,1),(168,1,0,168,'INTERIOR',390,0,10,39,1000,1,1,'2024-09-02 00:00:00',NULL,1),(169,1,0,169,'INTERIOR',390,0,10,39,1000,1,1,'2024-09-02 00:00:00',NULL,1),(170,1,0,170,'INTERIOR',390,0,10,39,1000,1,1,'2024-09-02 00:00:00',NULL,1),(171,1,0,171,'INTERIOR',390,0,10,39,1000,1,1,'2024-09-02 00:00:00',NULL,1),(172,1,0,172,'INTERIOR',390,0,10,39,1000,1,1,'2024-09-02 00:00:00',NULL,1),(173,1,0,173,'ESQUINA',750.47,1,0,0,1000,1,1,'2024-09-02 00:00:00',NULL,1),(175,2,0,1,'DEPTO B/ESTUDIO 1',59.5,1,0,0,37798,1,1,'2024-10-30 00:00:00',NULL,1),(178,2,0,2,'DEPTO A/ESTUDIO 1',48,1,0,0,44771,1,1,'2024-10-30 00:00:00',NULL,1),(179,2,0,3,'DEPTO A/ESTUDIO 2',48,1,0,0,44771,1,1,'2024-10-30 00:00:00',NULL,1),(180,2,0,4,'DEPTO A/ESTUDIO 3',48,1,0,0,44771,1,1,'2024-10-30 00:00:00',NULL,1),(181,2,0,5,'DEPTO C/DOBLE 1',96,1,0,0,34375,1,1,'2024-10-30 00:00:00',NULL,1),(182,2,0,6,'DEPTO C/DOBLE 2',96,1,0,0,34375,1,1,'2024-10-30 00:00:00',NULL,1),(183,2,0,7,'DEPTO E/DOBLE 1',110,1,0,0,30000,1,1,'2024-10-30 00:00:00',NULL,1),(184,2,0,8,'DEPTO E/DOBLE 2',110,1,0,0,30000,1,1,'2024-10-30 00:00:00',NULL,1),(185,2,0,9,'DEPTO A/ESTUDIO 4',48,1,0,0,44771,1,1,'2024-10-30 00:00:00',NULL,1),(186,2,0,10,'DEPTO A/ESTUDIO 5',48,1,0,0,44771,1,1,'2024-10-30 00:00:00',NULL,1),(187,2,0,11,'DEPTO A/ESTUDIO 6',48,1,0,0,44771,1,1,'2024-10-30 00:00:00',NULL,1),(188,2,0,12,'DEPTO B/ESTUDIO 2',59.5,1,0,0,37798,1,1,'2024-10-30 00:00:00',NULL,1);
/*!40000 ALTER TABLE `tbl_lote` ENABLE KEYS */;
UNLOCK TABLES;

--
-- Table structure for table `tbl_planes`
--

DROP TABLE IF EXISTS `tbl_planes`;
/*!40101 SET @saved_cs_client     = @@character_set_client */;
/*!50503 SET character_set_client = utf8mb4 */;
CREATE TABLE `tbl_planes` (
  `iIdPlan` int NOT NULL AUTO_INCREMENT,
  `sPlan` varchar(150) DEFAULT NULL,
  `sDescripcion` varchar(2000) DEFAULT NULL,
  `sPrecio` varchar(10) DEFAULT NULL,
  `dtCreacion` datetime DEFAULT NULL,
  `bActivo` int DEFAULT NULL,
  PRIMARY KEY (`iIdPlan`)
) ENGINE=InnoDB AUTO_INCREMENT=3 DEFAULT CHARSET=utf8mb3;
/*!40101 SET character_set_client = @saved_cs_client */;

--
-- Dumping data for table `tbl_planes`
--

LOCK TABLES `tbl_planes` WRITE;
/*!40000 ALTER TABLE `tbl_planes` DISABLE KEYS */;
INSERT INTO `tbl_planes` VALUES (1,'Básico',NULL,NULL,'2024-10-17 00:00:00',1),(2,'Extendido',NULL,NULL,'2024-10-17 00:00:00',1);
/*!40000 ALTER TABLE `tbl_planes` ENABLE KEYS */;
UNLOCK TABLES;

--
-- Table structure for table `tbl_plazo`
--

DROP TABLE IF EXISTS `tbl_plazo`;
/*!40101 SET @saved_cs_client     = @@character_set_client */;
/*!50503 SET character_set_client = utf8mb4 */;
CREATE TABLE `tbl_plazo` (
  `iIdPlazo` int NOT NULL AUTO_INCREMENT,
  `iIdEtapa` int DEFAULT NULL,
  `sPlazo` varchar(500) DEFAULT NULL,
  `iNoPlazo` int DEFAULT NULL,
  `iInteres` float DEFAULT NULL,
  `iUsuario` int DEFAULT NULL,
  `dtCreacion` datetime DEFAULT NULL,
  `dtMod` datetime DEFAULT NULL,
  `bActivo` int DEFAULT NULL,
  PRIMARY KEY (`iIdPlazo`)
) ENGINE=InnoDB AUTO_INCREMENT=7 DEFAULT CHARSET=utf8mb3;
/*!40101 SET character_set_client = @saved_cs_client */;

--
-- Dumping data for table `tbl_plazo`
--

LOCK TABLES `tbl_plazo` WRITE;
/*!40000 ALTER TABLE `tbl_plazo` DISABLE KEYS */;
INSERT INTO `tbl_plazo` VALUES (1,1,'12 meses',12,5,NULL,'2024-08-31 00:00:00',NULL,1),(2,1,'24 meses',24,10,NULL,'2024-08-31 00:00:00',NULL,1),(3,1,'36 meses',36,15,NULL,'2024-08-31 00:00:00',NULL,1),(4,1,'48 meses',48,20,NULL,'2024-08-31 00:00:00',NULL,1),(5,1,'60 meses',60,25,NULL,'2024-08-31 00:00:00',NULL,1),(6,2,'43 meses',43,10,NULL,'2024-10-30 00:00:00',NULL,1);
/*!40000 ALTER TABLE `tbl_plazo` ENABLE KEYS */;
UNLOCK TABLES;

--
-- Table structure for table `tbl_proyecto`
--

DROP TABLE IF EXISTS `tbl_proyecto`;
/*!40101 SET @saved_cs_client     = @@character_set_client */;
/*!50503 SET character_set_client = utf8mb4 */;
CREATE TABLE `tbl_proyecto` (
  `iIdProyecto` int NOT NULL AUTO_INCREMENT,
  `sNombre` varchar(500) DEFAULT NULL,
  `iIdEmpresa` int DEFAULT NULL,
  `iIdDireccion` int DEFAULT NULL,
  `dtCreacion` datetime DEFAULT NULL,
  `dtMod` datetime DEFAULT NULL,
  `bActivo` int DEFAULT NULL,
  PRIMARY KEY (`iIdProyecto`)
) ENGINE=InnoDB AUTO_INCREMENT=3 DEFAULT CHARSET=utf8mb3;
/*!40101 SET character_set_client = @saved_cs_client */;

--
-- Dumping data for table `tbl_proyecto`
--

LOCK TABLES `tbl_proyecto` WRITE;
/*!40000 ALTER TABLE `tbl_proyecto` DISABLE KEYS */;
INSERT INTO `tbl_proyecto` VALUES (1,'San Jeronimo - Hunucma',1,0,'2024-08-31 00:00:00',NULL,1),(2,'Ziba',2,0,'2024-10-30 00:00:00',NULL,1);
/*!40000 ALTER TABLE `tbl_proyecto` ENABLE KEYS */;
UNLOCK TABLES;

--
-- Table structure for table `tbl_usuario`
--

DROP TABLE IF EXISTS `tbl_usuario`;
/*!40101 SET @saved_cs_client     = @@character_set_client */;
/*!50503 SET character_set_client = utf8mb4 */;
CREATE TABLE `tbl_usuario` (
  `iIdUsuario` int NOT NULL AUTO_INCREMENT,
  `iIdEmpresa` int DEFAULT NULL,
  `iIdPerfil` int DEFAULT NULL,
  `sNombre` varchar(500) DEFAULT NULL,
  `sUsuario` varchar(150) DEFAULT NULL,
  `sContra` varchar(150) DEFAULT NULL,
  `dtCreacion` datetime DEFAULT NULL,
  `dtMod` datetime DEFAULT NULL,
  `bActivo` int DEFAULT NULL,
  PRIMARY KEY (`iIdUsuario`)
) ENGINE=InnoDB AUTO_INCREMENT=3 DEFAULT CHARSET=utf8mb3;
/*!40101 SET character_set_client = @saved_cs_client */;

--
-- Dumping data for table `tbl_usuario`
--

LOCK TABLES `tbl_usuario` WRITE;
/*!40000 ALTER TABLE `tbl_usuario` DISABLE KEYS */;
INSERT INTO `tbl_usuario` VALUES (1,1,NULL,'Admon. San Jeronimo','sanjero_@dm1n','AVmpGYWExVjNQVDA9taW4uMDAYtx','2024-09-03 00:00:00',NULL,1),(2,2,NULL,'Admon. Ziba','admin.ziba','zVm0xd1MwNUhSblJXYTJoVllXczFVbFpyVWtKUFVUMDk=iYTIwMjQvv=','2024-10-31 00:00:00',NULL,1);
/*!40000 ALTER TABLE `tbl_usuario` ENABLE KEYS */;
UNLOCK TABLES;
/*!40103 SET TIME_ZONE=@OLD_TIME_ZONE */;

/*!40101 SET SQL_MODE=@OLD_SQL_MODE */;
/*!40014 SET FOREIGN_KEY_CHECKS=@OLD_FOREIGN_KEY_CHECKS */;
/*!40014 SET UNIQUE_CHECKS=@OLD_UNIQUE_CHECKS */;
/*!40101 SET CHARACTER_SET_CLIENT=@OLD_CHARACTER_SET_CLIENT */;
/*!40101 SET CHARACTER_SET_RESULTS=@OLD_CHARACTER_SET_RESULTS */;
/*!40101 SET COLLATION_CONNECTION=@OLD_COLLATION_CONNECTION */;
/*!40111 SET SQL_NOTES=@OLD_SQL_NOTES */;

-- Dump completed on 2024-11-01 12:22:49
